{"EconomicLoss": {"MedianLossRatio": 0.14695535702184853, "MedianRepairCost": 1749648.5340411118, "MeanRepairCost": 1619253.8374472558, "StdRepairCost": 557952.17209821718, "10PercentileLoss": 895130.51655211567, "90PercentileLoss": 2309455.0832122117}, "RepairTime": {"MedianRepairTime": 14.798257766457592}, "UnsafePlacards": {"Tag": "red", "RedTagProbability": 0.81879999999999986}, "Name": "10", "MaxPGA": 3.5924999999999998}