{"EconomicLoss": {"MedianLossRatio": 0.14555868120111651, "MedianRepairCost": 1733019.7302207029, "MeanRepairCost": 1605226.5757214981, "StdRepairCost": 554591.32713608851, "10PercentileLoss": 889709.10917412443, "90PercentileLoss": 2291769.3761177785}, "RepairTime": {"MedianRepairTime": 14.738915308223515}, "UnsafePlacards": {"Tag": "red", "RedTagProbability": 0.81619999999999993}, "Name": "10", "MaxPGA": 3.5924999999999998}